call-id,user,start,end,media-id
94988f1c-0839-4781-ad91-a3db0d735853,carol549,2017-04-04T09:23:00.000Z,2017-04-04T10:24:00.000Z,7f617ff5-67c8-4e81-90ad-7c19a8c87deb
34a069ae-e4e3-4d4a-ba99-c25d3881aad2,bob948,2017-03-21T18:15:00.000Z,2017-03-21T18:36:00.000Z,e3d52e25-7867-4d83-bc5d-3c921128f08f
5b1738d7-7379-4401-979b-fb6b88943c0a,alice024,2017-04-20T18:11:00.000Z,2017-04-20T19:01:00.000Z,0ab82f83-0f43-4f27-8ec0-e16b783357f5
b654b870-fb1e-48d2-9342-e4ac0b50a472,carol238,2017-05-06T17:13:00.000Z,2017-05-06T18:07:00.000Z,df6bd3a7-9d8c-41f1-bda7-6165cb42443f
b654b870-fb1e-48d2-9342-e4ac0b50a472,bob404,2017-05-06T17:13:00.000Z,2017-05-06T18:04:00.000Z,c8325006-7e3d-409b-b90a-5986b60b9fe2
fe303a22-7f10-4bff-acfb-65147480a433,bob670,2017-03-05T00:46:00.000Z,2017-03-05T01:44:00.000Z,5a8f00e9-8da6-4fcc-ab08-5c53c62f5774
fe1d0053-3ef3-417a-a1f4-033c3a657f5b,eve564,2017-02-23T17:30:00.000Z,2017-02-23T18:04:00.000Z,b646782a-83b1-4061-bee4-fa333f51db4b
c5184108-e473-4ee7-a2a5-c127aab07dbe,alice869,2017-07-10T15:48:00.000Z,2017-07-10T16:19:00.000Z,085c1169-21f5-485f-9529-d857f21728d9
a6f3e2f4-d66e-42c0-b2a2-dc881a4ac164,eve564,2017-01-19T18:03:00.000Z,2017-01-19T19:09:00.000Z,b099c96b-0e59-47ba-aea8-1539b2a805c1
fe303a22-7f10-4bff-acfb-65147480a433,alice024,2017-03-05T00:43:00.000Z,2017-03-05T01:38:00.000Z,a91f6b9a-1cc0-4e61-88a1-c35586db003a
f4b00a24-b7d9-498a-8ac7-9daf721ce771,carol549,2017-08-12T19:59:00.000Z,2017-08-12T21:16:00.000Z,03da280b-08d0-42f6-8d3e-3a2f5848632d
a867d31f-e397-485e-9e31-77fc52ba0484,carol238,2017-05-01T15:15:00.000Z,2017-05-01T15:52:00.000Z,d51628d0-b790-4692-9212-6253cbea4fb5
68878aeb-141f-46e1-95ae-38065bf12516,dave360,2017-12-13T01:42:00.000Z,2017-12-13T02:16:00.000Z,a7a82a08-c1a4-4dbf-aae4-3b4d9d6ac27c
c5184108-e473-4ee7-a2a5-c127aab07dbe,bob948,2017-07-10T15:51:00.000Z,2017-07-10T16:19:00.000Z,7346145d-7cd2-43e3-ace3-3ad06208e5a5
5346d0e5-e897-4077-9316-bb40664433dc,bob404,2017-07-05T13:34:00.000Z,2017-07-05T14:33:00.000Z,856c9acb-bed7-4941-b65e-3ec14519bc79
5f949538-70cf-445a-a1f9-7f89415f95b3,carol673,2017-04-20T16:12:00.000Z,2017-04-20T17:05:00.000Z,8c534185-62cd-46d8-b039-18c2cc65781c
5f949538-70cf-445a-a1f9-7f89415f95b3,carol238,2017-04-20T16:16:00.000Z,2017-04-20T17:08:00.000Z,4f7ab3e5-53f6-4adb-ab78-85238bd7a6ac
9d3e637b-66f6-49ba-ad8b-98bb3c0279c0,eve067,2017-09-18T21:18:00.000Z,2017-09-18T21:55:00.000Z,1ba5138b-b58d-47c0-9c43-054f50a8244e
d108939e-481d-47d1-9cac-6d88d4623a9f,alice024,2017-02-06T01:20:00.000Z,2017-02-06T02:22:00.000Z,65c68658-f018-4e8e-8f26-e849715b7793
8680141a-7121-4c76-aa98-e2cf91d02ed9,carol238,2017-08-28T11:15:00.000Z,2017-08-28T11:56:00.000Z,8cc616b3-aca4-4716-b34d-f7030423eab3
a6f3e2f4-d66e-42c0-b2a2-dc881a4ac164,carol673,2017-01-19T18:05:00.000Z,2017-01-19T19:09:00.000Z,4cba3134-1f18-4801-82d8-2da5003a7949
6f55dcc0-7105-4718-8209-81c4c2ec5cac,carol549,2017-05-11T23:31:00.000Z,2017-05-11T23:46:00.000Z,6b908028-eb0f-47ee-96f3-7f51fa4b1fc0
ccb0089a-bb22-431c-8adb-5a252a3a0003,carol238,2017-10-10T10:08:00.000Z,2017-10-10T10:31:00.000Z,88fc0c5d-b942-44e7-bcdc-218ae8607735
b8c114ab-0368-4fa4-bca6-5d363d34e10d,carol673,2017-11-24T05:52:00.000Z,2017-11-24T06:59:00.000Z,02ee623d-9953-4e83-9f44-89c1a1fce7a4
4b567674-67c5-4683-bf18-f1c04e2f5789,carol673,2017-06-24T19:30:00.000Z,2017-06-24T20:06:00.000Z,c3e56489-2db1-47f3-9f6f-5ae3cbb3989e
4148d8c3-1bc1-4bf9-b893-1397946fec9b,carol238,2017-11-06T21:02:00.000Z,2017-11-06T21:38:00.000Z,d7820488-dbf3-43f8-b5c4-1d3f612f508a
a6f3e2f4-d66e-42c0-b2a2-dc881a4ac164,alice024,2017-01-19T18:00:00.000Z,2017-01-19T19:11:00.000Z,d518efe9-f291-40e9-ac25-c63babe6590b
d93dda36-7bf2-4e9f-b310-27b39f3c1b46,eve564,2017-02-28T13:26:00.000Z,2017-02-28T14:21:00.000Z,28f9c503-8568-4345-9724-e0bb363e1ecd
306e2a2b-888b-46d3-a106-f663eccc6066,carol549,2017-07-21T12:45:00.000Z,2017-07-21T13:48:00.000Z,ab18ec19-7246-4b63-9c0b-e58a3e67e34c
4b567674-67c5-4683-bf18-f1c04e2f5789,eve551,2017-06-24T19:28:00.000Z,2017-06-24T20:03:00.000Z,d4e458a5-c9d8-45ce-bf1a-589329b947c7
68878aeb-141f-46e1-95ae-38065bf12516,alice869,2017-12-13T01:41:00.000Z,2017-12-13T02:15:00.000Z,f41c61d9-6855-4bf7-84a8-90b63e67eb32
6d2c58db-59d5-4cbb-9a23-e38f06b70166,bob948,2017-02-05T00:38:00.000Z,2017-02-05T01:12:00.000Z,f52ae457-8c20-4914-8640-064b4cb25220
a867d31f-e397-485e-9e31-77fc52ba0484,bob670,2017-05-01T15:14:00.000Z,2017-05-01T15:55:00.000Z,f8255b33-938c-4a4e-9dcc-4d9cc2c3b8ab
c5184108-e473-4ee7-a2a5-c127aab07dbe,bob670,2017-07-10T15:45:00.000Z,2017-07-10T16:21:00.000Z,0fcd0fa1-8c11-4fd2-b252-12611c58d4c1
8680141a-7121-4c76-aa98-e2cf91d02ed9,eve564,2017-08-28T11:16:00.000Z,2017-08-28T11:55:00.000Z,8dfeb96c-aaaa-477d-be9d-0aa075702ab0
5bf8e523-b562-4195-9310-53af7c9d3d6a,alice024,2017-05-21T23:00:00.000Z,2017-05-21T23:51:00.000Z,7020cb4c-0397-4e38-b3cd-e65bf514cf49
2ff7f7ef-5b56-4f50-967b-1b80871b16fa,bob670,2017-05-22T06:08:00.000Z,2017-05-22T07:02:00.000Z,0e965b48-4c28-4b73-bb7d-a1e27d6d37e4
5b1738d7-7379-4401-979b-fb6b88943c0a,bob670,2017-04-20T18:07:00.000Z,2017-04-20T18:58:00.000Z,e6e11ada-469a-45bf-b684-131e1b9133c2
6d2c58db-59d5-4cbb-9a23-e38f06b70166,carol549,2017-02-05T00:38:00.000Z,2017-02-05T01:07:00.000Z,475b2c47-5d6d-4c76-84f9-4068e2b55a8f
fe303a22-7f10-4bff-acfb-65147480a433,bob404,2017-03-05T00:47:00.000Z,2017-03-05T01:41:00.000Z,e1f4ca71-69b2-4b64-af0d-168c5ee263e2
2ff7f7ef-5b56-4f50-967b-1b80871b16fa,carol238,2017-05-22T06:03:00.000Z,2017-05-22T07:02:00.000Z,7bc4b178-71ed-4861-8f15-b79000bbe770
c3a5f5a5-2c7a-4e3d-9711-85ce2fb57614,carol238,2017-02-03T13:23:00.000Z,2017-02-03T14:27:00.000Z,5fe37a68-0063-4550-aaa2-c4b71f3f5ad4
9a390dfe-6597-405c-a7b3-7be1bfed98b5,carol673,2017-04-05T12:14:00.000Z,2017-04-05T13:08:00.000Z,39d83f4b-4209-4eac-b9f1-f5cae840366c
5346d0e5-e897-4077-9316-bb40664433dc,bob948,2017-07-05T13:37:00.000Z,2017-07-05T14:31:00.000Z,816200e3-dde5-4053-b980-fbad253619e1
306e2a2b-888b-46d3-a106-f663eccc6066,eve564,2017-07-21T12:45:00.000Z,2017-07-21T13:50:00.000Z,9743db81-779e-44c4-abfa-d6351430b304
6f55dcc0-7105-4718-8209-81c4c2ec5cac,dave360,2017-05-11T23:29:00.000Z,2017-05-11T23:48:00.000Z,650614ff-0285-4a9c-90b5-278ce12631e4
34a069ae-e4e3-4d4a-ba99-c25d3881aad2,carol549,2017-03-21T18:15:00.000Z,2017-03-21T18:37:00.000Z,4060c849-2774-4e54-8972-5ea7472f2b5f
8680141a-7121-4c76-aa98-e2cf91d02ed9,bob670,2017-08-28T11:15:00.000Z,2017-08-28T11:54:00.000Z,b26b5936-981b-44a0-a85a-f5cb4411f662
fae88a39-11f7-4357-9a12-875371d3f2c5,bob670,2017-07-25T17:19:00.000Z,2017-07-25T18:32:00.000Z,fa48ab8a-8643-45fc-a185-b4b28569e0b5
c5184108-e473-4ee7-a2a5-c127aab07dbe,carol238,2017-07-10T15:47:00.000Z,2017-07-10T16:19:00.000Z,022d7944-e20d-4e77-8af4-d82e0138ee53
68878aeb-141f-46e1-95ae-38065bf12516,bob670,2017-12-13T01:38:00.000Z,2017-12-13T02:11:00.000Z,48813a9a-f86e-4034-a90d-ccabe5f3ecbc
c3a5f5a5-2c7a-4e3d-9711-85ce2fb57614,carol549,2017-02-03T13:24:00.000Z,2017-02-03T14:30:00.000Z,0abc49e6-33e2-442e-ac31-1b3858afeb0b
94988f1c-0839-4781-ad91-a3db0d735853,dave360,2017-04-04T09:21:00.000Z,2017-04-04T10:28:00.000Z,6620b7d9-4ad7-4646-9fc1-b5801d8e55d2
a6f3e2f4-d66e-42c0-b2a2-dc881a4ac164,bob948,2017-01-19T18:01:00.000Z,2017-01-19T19:08:00.000Z,0b5eb05e-d397-4908-a498-41cf7544417b
b065932f-ee7a-4001-ae06-7dbcd2d98630,eve067,2017-11-03T12:04:00.000Z,2017-11-03T12:59:00.000Z,904466a1-491a-4913-85c2-6950eda3547d
94988f1c-0839-4781-ad91-a3db0d735853,eve067,2017-04-04T09:29:00.000Z,2017-04-04T10:27:00.000Z,eda43997-b47b-46db-a36e-d5892fa91f35
4148d8c3-1bc1-4bf9-b893-1397946fec9b,bob948,2017-11-06T21:07:00.000Z,2017-11-06T21:39:00.000Z,87c8b0d2-771b-4ace-896b-d76b157634c7
f4b00a24-b7d9-498a-8ac7-9daf721ce771,eve067,2017-08-12T20:03:00.000Z,2017-08-12T21:18:00.000Z,801a5a7b-7bf2-4412-901b-6f5e35e4aa8b
fae88a39-11f7-4357-9a12-875371d3f2c5,eve564,2017-07-25T17:20:00.000Z,2017-07-25T18:34:00.000Z,3b58d6b5-67fe-4526-8644-29049dd907dc
bba0e352-e331-4b83-a82f-b3ecc46c56aa,carol238,2017-11-17T00:40:00.000Z,2017-11-17T01:33:00.000Z,e705343c-80db-4fff-a6d5-b9e5056fbc8b
c3a5f5a5-2c7a-4e3d-9711-85ce2fb57614,bob948,2017-02-03T13:24:00.000Z,2017-02-03T14:24:00.000Z,8d2e97a8-a2d2-41fc-be8d-5c80d7c778af
c3a5f5a5-2c7a-4e3d-9711-85ce2fb57614,eve564,2017-02-03T13:25:00.000Z,2017-02-03T14:28:00.000Z,f44bcfb0-10e8-4024-9f56-f3b1696b6ec2
da8b2e81-20d3-4cff-b689-2de13f82e7ce,bob404,2017-07-29T01:26:00.000Z,2017-07-29T02:10:00.000Z,f395c270-3e39-436b-b761-2718df4ba5d5
d7cd6ad8-9e4d-4c96-bd19-ac861f2bfe33,carol549,2017-03-04T11:03:00.000Z,2017-03-04T11:48:00.000Z,5583c8da-e0fa-42f6-805e-2a5633c39724
c987a383-c854-44d3-82ed-437e646c0d65,carol673,2017-04-07T14:35:00.000Z,2017-04-07T15:42:00.000Z,b03ddd07-84b0-408f-891c-6a060134ba27
5f949538-70cf-445a-a1f9-7f89415f95b3,carol549,2017-04-20T16:12:00.000Z,2017-04-20T17:07:00.000Z,d0b13400-46df-461c-8eab-c89547701038
9069dcb1-fdbc-4d06-bb99-adc1c5c7bef4,eve067,2017-06-20T11:19:00.000Z,2017-06-20T12:30:00.000Z,5bb81652-6321-4df3-b23e-7b78111b4601
4148d8c3-1bc1-4bf9-b893-1397946fec9b,carol673,2017-11-06T21:03:00.000Z,2017-11-06T21:40:00.000Z,b1723087-09fa-4e76-8349-f73253a25fb2
8680141a-7121-4c76-aa98-e2cf91d02ed9,alice024,2017-08-28T11:16:00.000Z,2017-08-28T11:52:00.000Z,22604346-8232-4d59-956d-7f15fbd1f547
fcc202aa-9d39-42b0-9ef4-6e7624a02c23,carol549,2017-01-09T03:09:00.000Z,2017-01-09T04:08:00.000Z,2d9c687b-b168-4faf-9779-7a877fc3abe6
d5e5fe74-f36c-40fe-8aa3-1f76989c571c,alice024,2017-08-17T21:32:00.000Z,2017-08-17T22:04:00.000Z,f78a8420-35e9-4a6d-85eb-6d1fe258f645
841f96b1-67c8-420e-989b-deec0be42392,eve564,2017-02-26T15:43:00.000Z,2017-02-26T16:20:00.000Z,ca0c4371-b08a-4952-9f74-3a74496bac61
9d3e637b-66f6-49ba-ad8b-98bb3c0279c0,carol238,2017-09-18T21:14:00.000Z,2017-09-18T22:00:00.000Z,99b5930e-3092-4603-adee-6bd611c87f8f
68878aeb-141f-46e1-95ae-38065bf12516,carol549,2017-12-13T01:39:00.000Z,2017-12-13T02:16:00.000Z,97e16b1b-c2a1-4056-babf-239e518fbefc
b065932f-ee7a-4001-ae06-7dbcd2d98630,carol238,2017-11-03T12:03:00.000Z,2017-11-03T12:56:00.000Z,7283f59e-e63a-4e6c-99d9-e087923ed14e
f505e6dc-4f61-47ce-8dc6-333bfeb82a1f,bob948,2017-11-09T07:00:00.000Z,2017-11-09T07:08:00.000Z,89ab879a-ca67-42eb-bf8a-e2c91abc638f
a6f3e2f4-d66e-42c0-b2a2-dc881a4ac164,carol238,2017-01-19T18:02:00.000Z,2017-01-19T19:09:00.000Z,3193c82d-1761-4efd-911d-0acc180bdc22
6d2c58db-59d5-4cbb-9a23-e38f06b70166,alice869,2017-02-05T00:35:00.000Z,2017-02-05T01:08:00.000Z,698902da-142d-49c6-88c3-b95b74797977
34a069ae-e4e3-4d4a-ba99-c25d3881aad2,bob670,2017-03-21T18:16:00.000Z,2017-03-21T18:34:00.000Z,42655371-0d16-46c5-ae44-f1f18c788065
3c4b5dfe-1dea-4aa6-9af9-409d29242796,bob948,2017-03-18T23:52:00.000Z,2017-03-19T00:38:00.000Z,5a38e68c-b51c-42d3-adb1-0ec63410ec89
bb742abc-c9cf-4ba6-b1ff-fddd3ad232b0,eve564,2017-03-21T08:50:00.000Z,2017-03-21T09:49:00.000Z,ff1dbd0a-8e65-418f-ae52-2bfe44e63c5b
5346d0e5-e897-4077-9316-bb40664433dc,bob670,2017-07-05T13:34:00.000Z,2017-07-05T14:34:00.000Z,8ef017d3-9ff5-453d-8ff4-b846eedbad57
94988f1c-0839-4781-ad91-a3db0d735853,bob404,2017-04-04T09:24:00.000Z,2017-04-04T10:26:00.000Z,f99efdb6-e502-4a98-b63f-7ac03cb21d60
fcc202aa-9d39-42b0-9ef4-6e7624a02c23,eve067,2017-01-09T03:09:00.000Z,2017-01-09T04:13:00.000Z,b3159a5b-c3ff-4db6-8fbc-09470a1088fd
fae88a39-11f7-4357-9a12-875371d3f2c5,bob948,2017-07-25T17:22:00.000Z,2017-07-25T18:39:00.000Z,7fc3d2ba-886b-41a5-b175-00e1cd664af3
3c4b5dfe-1dea-4aa6-9af9-409d29242796,carol238,2017-03-18T23:53:00.000Z,2017-03-19T00:40:00.000Z,a87b3732-c047-43c7-b939-0ad42a1b21a7
fe1d0053-3ef3-417a-a1f4-033c3a657f5b,carol238,2017-02-23T17:27:00.000Z,2017-02-23T18:02:00.000Z,8b0230b7-04e4-4f73-870f-c45eca02cb39
68878aeb-141f-46e1-95ae-38065bf12516,eve067,2017-12-13T01:42:00.000Z,2017-12-13T02:15:00.000Z,fd140636-ad1a-4011-bc8c-83afd802811c
841f96b1-67c8-420e-989b-deec0be42392,eve551,2017-02-26T15:45:00.000Z,2017-02-26T16:20:00.000Z,bec20622-cda5-4c3c-a6b2-d81a25cd0f90
b8c114ab-0368-4fa4-bca6-5d363d34e10d,alice024,2017-11-24T05:53:00.000Z,2017-11-24T07:01:00.000Z,0573bf41-83fc-4147-aeb7-988348312f23
34a069ae-e4e3-4d4a-ba99-c25d3881aad2,eve551,2017-03-21T18:17:00.000Z,2017-03-21T18:39:00.000Z,7423272e-24e2-4adf-8859-2b6d49d5f20d
fd2cf58d-23fc-489c-b8ab-5047af27a24e,carol238,2017-06-01T16:17:00.000Z,2017-06-01T16:29:00.000Z,135e9713-0ae9-47a8-8f6c-62ad0c92db33
67e5c381-bd54-4e31-a089-760e71e345f9,bob404,2017-08-18T15:15:00.000Z,2017-08-18T15:46:00.000Z,112c66ec-6237-4750-96df-e4b3fe637efb
a6f3e2f4-d66e-42c0-b2a2-dc881a4ac164,bob404,2017-01-19T17:59:00.000Z,2017-01-19T19:07:00.000Z,42cf86e1-f215-4aa6-ad77-ce9c26a8d6d2
5023f8d8-c465-438b-82a6-5b13524d1bd6,alice024,2017-08-10T06:51:00.000Z,2017-08-10T07:50:00.000Z,3b7b1f7d-4b29-49a6-845b-e60db554c761
c3a5f5a5-2c7a-4e3d-9711-85ce2fb57614,alice869,2017-02-03T13:20:00.000Z,2017-02-03T14:25:00.000Z,cb67d965-2401-4967-9d33-801ad6c99492
5bf8e523-b562-4195-9310-53af7c9d3d6a,carol549,2017-05-21T23:03:00.000Z,2017-05-21T23:50:00.000Z,72f4c699-afde-4052-99db-8db9f866ee5f
94988f1c-0839-4781-ad91-a3db0d735853,bob948,2017-04-04T09:23:00.000Z,2017-04-04T10:26:00.000Z,a3d4a1a2-2ad9-4f69-a648-e252a2369dcb
5b1738d7-7379-4401-979b-fb6b88943c0a,dave360,2017-04-20T18:10:00.000Z,2017-04-20T19:03:00.000Z,58579fb6-a680-4805-ad8f-9e84f46f1cdc
4b567674-67c5-4683-bf18-f1c04e2f5789,dave360,2017-06-24T19:31:00.000Z,2017-06-24T20:01:00.000Z,3e170b7d-59b3-4169-b0ab-827254095f16
bba0e352-e331-4b83-a82f-b3ecc46c56aa,bob948,2017-11-17T00:37:00.000Z,2017-11-17T01:35:00.000Z,11f8b511-47c8-42c4-aa9c-54a2362b0d86
5f949538-70cf-445a-a1f9-7f89415f95b3,bob948,2017-04-20T16:11:00.000Z,2017-04-20T17:03:00.000Z,6d58ddc6-ba85-424e-99e2-a88f6489507b
f505e6dc-4f61-47ce-8dc6-333bfeb82a1f,bob670,2017-11-09T07:00:00.000Z,2017-11-09T07:12:00.000Z,da9c7b6f-255e-4cd8-8657-96df65745ec1
9069dcb1-fdbc-4d06-bb99-adc1c5c7bef4,bob670,2017-06-20T11:19:00.000Z,2017-06-20T12:27:00.000Z,c0fa5b8e-aab3-4d5b-9383-b41361cd017d
2ff7f7ef-5b56-4f50-967b-1b80871b16fa,carol673,2017-05-22T06:05:00.000Z,2017-05-22T07:07:00.000Z,e2922ac5-a238-4adf-a852-09eaefe469b8
6f55dcc0-7105-4718-8209-81c4c2ec5cac,eve551,2017-05-11T23:31:00.000Z,2017-05-11T23:47:00.000Z,7363e244-6b3d-4713-8fcf-6d8bc6d9d0a7
b654b870-fb1e-48d2-9342-e4ac0b50a472,alice869,2017-05-06T17:14:00.000Z,2017-05-06T18:03:00.000Z,4ba1d8a9-2b7f-429b-8a73-5518a8c74455
5346d0e5-e897-4077-9316-bb40664433dc,eve551,2017-07-05T13:34:00.000Z,2017-07-05T14:32:00.000Z,2c7885e0-5fa0-44f3-a40a-b6183b073423
5f949538-70cf-445a-a1f9-7f89415f95b3,bob670,2017-04-20T16:10:00.000Z,2017-04-20T17:02:00.000Z,901e486a-95bf-43e8-9940-633673668340
2ff7f7ef-5b56-4f50-967b-1b80871b16fa,eve564,2017-05-22T06:03:00.000Z,2017-05-22T07:05:00.000Z,6267aa46-ca60-49a6-9d3f-61b3ca18b8a8
b8c114ab-0368-4fa4-bca6-5d363d34e10d,carol549,2017-11-24T05:53:00.000Z,2017-11-24T07:00:00.000Z,120207bf-f861-407d-bc28-c9cb1e46704c
bb742abc-c9cf-4ba6-b1ff-fddd3ad232b0,carol673,2017-03-21T08:50:00.000Z,2017-03-21T09:48:00.000Z,c3b9ad19-53a8-425d-b4a0-be89fdc35a66
841f96b1-67c8-420e-989b-deec0be42392,alice024,2017-02-26T15:50:00.000Z,2017-02-26T16:18:00.000Z,aaebea26-7d70-450f-b186-f0802dfbd056
34a069ae-e4e3-4d4a-ba99-c25d3881aad2,carol238,2017-03-21T18:18:00.000Z,2017-03-21T18:34:00.000Z,470def5b-a62e-4498-8b9d-a6c24362fce3
67e5c381-bd54-4e31-a089-760e71e345f9,bob948,2017-08-18T15:18:00.000Z,2017-08-18T15:47:00.000Z,af81983d-3d0c-4a93-aec1-6543f351da3b
a6f3e2f4-d66e-42c0-b2a2-dc881a4ac164,dave360,2017-01-19T18:01:00.000Z,2017-01-19T19:10:00.000Z,76d79c45-bf00-4168-8462-4e0f7c2c2af8
68878aeb-141f-46e1-95ae-38065bf12516,carol673,2017-12-13T01:47:00.000Z,2017-12-13T02:17:00.000Z,fe19fbb1-67be-4cd4-aba2-963df8d81825
10252db4-12aa-40e2-b097-08b9408336ac,bob404,2017-07-23T04:26:00.000Z,2017-07-23T05:19:00.000Z,c7c72137-d04f-4260-8e9e-1c09b2460fdf
6d2c58db-59d5-4cbb-9a23-e38f06b70166,eve551,2017-02-05T00:35:00.000Z,2017-02-05T01:10:00.000Z,154b7640-c478-49a4-905e-ed4c5e311821
9a390dfe-6597-405c-a7b3-7be1bfed98b5,eve067,2017-04-05T12:13:00.000Z,2017-04-05T13:08:00.000Z,b30acb23-b89a-4bf2-a270-b289222f73fd
f505e6dc-4f61-47ce-8dc6-333bfeb82a1f,alice869,2017-11-09T06:54:00.000Z,2017-11-09T07:09:00.000Z,1f805aba-648e-464f-bd1d-7121d7d1d441
8680141a-7121-4c76-aa98-e2cf91d02ed9,carol549,2017-08-28T11:17:00.000Z,2017-08-28T11:51:00.000Z,44b5fc29-f94d-4ae8-85af-fdeb1ab9a2a6
6d2c58db-59d5-4cbb-9a23-e38f06b70166,carol238,2017-02-05T00:36:00.000Z,2017-02-05T01:06:00.000Z,f6e31d11-2251-4189-908c-bc8036b4aaa8
f4b00a24-b7d9-498a-8ac7-9daf721ce771,carol673,2017-08-12T19:57:00.000Z,2017-08-12T21:21:00.000Z,c1b3a59e-c235-4662-ae07-25b6f714a5a1
a867d31f-e397-485e-9e31-77fc52ba0484,carol549,2017-05-01T15:12:00.000Z,2017-05-01T15:50:00.000Z,6e6ad800-0ae4-4e88-a10f-31fe9c78a463
b654b870-fb1e-48d2-9342-e4ac0b50a472,eve551,2017-05-06T17:12:00.000Z,2017-05-06T18:05:00.000Z,649892a6-51a8-4d96-87c3-07922c220714
c987a383-c854-44d3-82ed-437e646c0d65,alice024,2017-04-07T14:36:00.000Z,2017-04-07T15:36:00.000Z,392f2e0c-f694-442a-9122-8417f792033f
5f949538-70cf-445a-a1f9-7f89415f95b3,bob404,2017-04-20T16:12:00.000Z,2017-04-20T17:03:00.000Z,af432bd4-fe8c-48c1-a588-8c33a7869b9d
c46a8e13-f9eb-4cf3-ba6c-22febc8c3978,bob404,2017-08-04T12:15:00.000Z,2017-08-04T13:24:00.000Z,8034f852-5457-4c89-97a7-4e534628b04a
d93dda36-7bf2-4e9f-b310-27b39f3c1b46,carol673,2017-02-28T13:28:00.000Z,2017-02-28T14:15:00.000Z,7e567bbd-8f3a-4647-96eb-546d6958e464
2ff7f7ef-5b56-4f50-967b-1b80871b16fa,alice024,2017-05-22T06:04:00.000Z,2017-05-22T07:07:00.000Z,b96265bd-329f-41cf-8127-198eae359add
fd2cf58d-23fc-489c-b8ab-5047af27a24e,bob948,2017-06-01T16:19:00.000Z,2017-06-01T16:32:00.000Z,5268ebd8-5f0e-49bc-946c-1f5f35b315b4
a867d31f-e397-485e-9e31-77fc52ba0484,bob948,2017-05-01T15:15:00.000Z,2017-05-01T15:51:00.000Z,3781341c-3611-4d58-acd0-43dde9f0fe9b
4148d8c3-1bc1-4bf9-b893-1397946fec9b,alice024,2017-11-06T21:02:00.000Z,2017-11-06T21:38:00.000Z,b223eb52-a875-4be1-b177-8fb730e9c69a
6bd31d06-865b-479d-ae01-f57f0bc5f958,dave360,2017-05-05T14:51:00.000Z,2017-05-05T15:45:00.000Z,c5800e40-e000-407a-8867-a078e2903858
a867d31f-e397-485e-9e31-77fc52ba0484,dave360,2017-05-01T15:09:00.000Z,2017-05-01T15:56:00.000Z,cb5337ec-161e-44fc-80b1-2ab08f7f099f
3c4b5dfe-1dea-4aa6-9af9-409d29242796,eve564,2017-03-18T23:48:00.000Z,2017-03-19T00:44:00.000Z,77336910-6d71-43d2-bf86-42f5918f0bee
9a390dfe-6597-405c-a7b3-7be1bfed98b5,carol549,2017-04-05T12:12:00.000Z,2017-04-05T13:09:00.000Z,78462b61-f3d1-43c9-bd31-2c48775880db
b654b870-fb1e-48d2-9342-e4ac0b50a472,eve564,2017-05-06T17:15:00.000Z,2017-05-06T18:05:00.000Z,972d8757-4ae8-46e5-a74e-948528fc86dd
2ff7f7ef-5b56-4f50-967b-1b80871b16fa,eve551,2017-05-22T06:00:00.000Z,2017-05-22T07:05:00.000Z,c63fb0de-93d7-4d8a-92e7-e9dc8f5b9189
c3a5f5a5-2c7a-4e3d-9711-85ce2fb57614,carol673,2017-02-03T13:24:00.000Z,2017-02-03T14:26:00.000Z,51e648ef-4de7-4ac0-bc07-ee8d108e9b52
fe1d0053-3ef3-417a-a1f4-033c3a657f5b,dave360,2017-02-23T17:27:00.000Z,2017-02-23T18:06:00.000Z,7e57214b-25b9-4218-814f-e2c92a2f8136
b654b870-fb1e-48d2-9342-e4ac0b50a472,bob948,2017-05-06T17:17:00.000Z,2017-05-06T18:07:00.000Z,3a07c423-9be8-4a38-b309-0f9ee982c668
ccb0089a-bb22-431c-8adb-5a252a3a0003,bob948,2017-10-10T10:05:00.000Z,2017-10-10T10:31:00.000Z,0449ad9c-a468-4777-bad2-e694e436449f
841f96b1-67c8-420e-989b-deec0be42392,dave360,2017-02-26T15:50:00.000Z,2017-02-26T16:20:00.000Z,095ab671-2922-402f-830e-09c742aa3325
c5184108-e473-4ee7-a2a5-c127aab07dbe,eve564,2017-07-10T15:47:00.000Z,2017-07-10T16:20:00.000Z,b0524d11-c7b6-4a0a-b69f-e1f35d0c23ec
fae88a39-11f7-4357-9a12-875371d3f2c5,bob404,2017-07-25T17:24:00.000Z,2017-07-25T18:36:00.000Z,7f4a7adf-90cb-416f-97c4-10cf992567d7
b065932f-ee7a-4001-ae06-7dbcd2d98630,alice024,2017-11-03T12:05:00.000Z,2017-11-03T12:56:00.000Z,18249c14-1ff1-4349-80ef-4dea7d4fe24c
d7cd6ad8-9e4d-4c96-bd19-ac861f2bfe33,carol673,2017-03-04T11:02:00.000Z,2017-03-04T11:50:00.000Z,8a6d85f1-f670-4cc1-a051-69a776f38317
a867d31f-e397-485e-9e31-77fc52ba0484,bob404,2017-05-01T15:11:00.000Z,2017-05-01T15:54:00.000Z,0eb55b85-e01f-473d-aa22-f896e087161a
68878aeb-141f-46e1-95ae-38065bf12516,eve551,2017-12-13T01:42:00.000Z,2017-12-13T02:15:00.000Z,4bb273d0-0ff3-437e-ac0f-3207ab59535e
6f55dcc0-7105-4718-8209-81c4c2ec5cac,bob404,2017-05-11T23:29:00.000Z,2017-05-11T23:46:00.000Z,92ad3946-fdd4-4d4b-aaa9-e1dfbf8088ae
94988f1c-0839-4781-ad91-a3db0d735853,alice869,2017-04-04T09:26:00.000Z,2017-04-04T10:23:00.000Z,7563ada0-c236-4bde-9817-80de6112d01b
9069dcb1-fdbc-4d06-bb99-adc1c5c7bef4,eve564,2017-06-20T11:22:00.000Z,2017-06-20T12:30:00.000Z,2596f428-829d-4d25-8d6a-fd923f8f082b
5b1738d7-7379-4401-979b-fb6b88943c0a,eve067,2017-04-20T18:09:00.000Z,2017-04-20T19:00:00.000Z,7b5bfed5-5024-4c78-8e3f-7200e47a2c16
5f949538-70cf-445a-a1f9-7f89415f95b3,dave360,2017-04-20T16:13:00.000Z,2017-04-20T17:07:00.000Z,96dfce71-a8d1-4ecc-bfb8-224669615de8
a867d31f-e397-485e-9e31-77fc52ba0484,eve564,2017-05-01T15:14:00.000Z,2017-05-01T15:55:00.000Z,8c756baf-2027-4bb4-9124-cba551a957e2
bb742abc-c9cf-4ba6-b1ff-fddd3ad232b0,carol238,2017-03-21T08:53:00.000Z,2017-03-21T09:47:00.000Z,3ac7ed76-2210-46cb-8ad6-6db7d99c0a45
6d2c58db-59d5-4cbb-9a23-e38f06b70166,eve067,2017-02-05T00:36:00.000Z,2017-02-05T01:09:00.000Z,e1177771-dd74-41e3-a80b-a5bc2fa97018
b8c114ab-0368-4fa4-bca6-5d363d34e10d,bob670,2017-11-24T05:55:00.000Z,2017-11-24T06:58:00.000Z,60e9a407-6dc7-4c3a-8c33-fa691f898a5b
b654b870-fb1e-48d2-9342-e4ac0b50a472,dave360,2017-05-06T17:16:00.000Z,2017-05-06T18:05:00.000Z,6d70e106-e823-4cb9-ac5b-5f37e0c86f77
5023f8d8-c465-438b-82a6-5b13524d1bd6,bob948,2017-08-10T06:48:00.000Z,2017-08-10T07:50:00.000Z,19bd0426-f41c-4be1-ba6b-d1f19da68f59
a6f3e2f4-d66e-42c0-b2a2-dc881a4ac164,eve067,2017-01-19T18:01:00.000Z,2017-01-19T19:10:00.000Z,5f93d515-e31b-4036-89bf-ea493abf4919
25965d94-4770-43a5-a99e-85750b654715,dave360,2017-03-22T18:45:00.000Z,2017-03-22T19:22:00.000Z,91719b57-c013-4935-b9d5-c465fc9d17c0
2ff7f7ef-5b56-4f50-967b-1b80871b16fa,carol549,2017-05-22T06:01:00.000Z,2017-05-22T07:02:00.000Z,f5e8b829-1257-4ec9-b3af-afda5d10ce42
f4b00a24-b7d9-498a-8ac7-9daf721ce771,alice869,2017-08-12T20:01:00.000Z,2017-08-12T21:17:00.000Z,dd3e96c5-ecc4-47fd-957a-4583e155b0c0
da8b2e81-20d3-4cff-b689-2de13f82e7ce,bob670,2017-07-29T01:29:00.000Z,2017-07-29T02:12:00.000Z,ec410693-5127-44cd-b6f3-a5fdf9012d0c
6d2c58db-59d5-4cbb-9a23-e38f06b70166,bob404,2017-02-05T00:34:00.000Z,2017-02-05T01:11:00.000Z,b8da7236-7a23-4a05-9534-79a230833431
d93dda36-7bf2-4e9f-b310-27b39f3c1b46,alice869,2017-02-28T13:25:00.000Z,2017-02-28T14:19:00.000Z,1deb2dc6-0f51-45dd-a455-c7cbe845fa00
b065932f-ee7a-4001-ae06-7dbcd2d98630,alice869,2017-11-03T12:05:00.000Z,2017-11-03T12:55:00.000Z,33282fc0-6b5b-4687-ae5f-eea504496826
c5184108-e473-4ee7-a2a5-c127aab07dbe,carol673,2017-07-10T15:49:00.000Z,2017-07-10T16:15:00.000Z,876105d6-e081-40dc-b05f-3ca891ab3bbf
25965d94-4770-43a5-a99e-85750b654715,eve564,2017-03-22T18:45:00.000Z,2017-03-22T19:23:00.000Z,fcdfa055-94d1-4fa3-bf36-2daf45ad254e
c5184108-e473-4ee7-a2a5-c127aab07dbe,eve067,2017-07-10T15:51:00.000Z,2017-07-10T16:16:00.000Z,f94909c2-4962-45bd-8a11-9bc333290afd
10252db4-12aa-40e2-b097-08b9408336ac,carol549,2017-07-23T04:28:00.000Z,2017-07-23T05:18:00.000Z,89d98b56-103c-4d15-a3a0-8288e058271d
a6f3e2f4-d66e-42c0-b2a2-dc881a4ac164,alice869,2017-01-19T18:02:00.000Z,2017-01-19T19:09:00.000Z,cc075768-d6c4-4f2a-8440-ac7f6de6001b
94988f1c-0839-4781-ad91-a3db0d735853,carol238,2017-04-04T09:21:00.000Z,2017-04-04T10:25:00.000Z,342dee32-a8a6-4e9e-9b80-6dc4bbba2504
c46a8e13-f9eb-4cf3-ba6c-22febc8c3978,bob670,2017-08-04T12:21:00.000Z,2017-08-04T13:25:00.000Z,92054997-d22c-4f23-9415-46b80f87b269
25965d94-4770-43a5-a99e-85750b654715,alice024,2017-03-22T18:46:00.000Z,2017-03-22T19:24:00.000Z,4312e6b2-37aa-436e-ab35-8c242ff5a458
a867d31f-e397-485e-9e31-77fc52ba0484,eve551,2017-05-01T15:10:00.000Z,2017-05-01T15:54:00.000Z,377c8eb6-4534-432f-b228-edc59a5079bc
d108939e-481d-47d1-9cac-6d88d4623a9f,eve551,2017-02-06T01:17:00.000Z,2017-02-06T02:26:00.000Z,ed73709c-c531-4186-91cc-5c9e63a409fe
3c4b5dfe-1dea-4aa6-9af9-409d29242796,eve067,2017-03-18T23:54:00.000Z,2017-03-19T00:36:00.000Z,02f7cc4a-242e-4744-9b7f-7ca3a372e724
6d2c58db-59d5-4cbb-9a23-e38f06b70166,alice024,2017-02-05T00:33:00.000Z,2017-02-05T01:08:00.000Z,8b6b3545-1019-4e43-bb0a-61c8bb2be384
c5184108-e473-4ee7-a2a5-c127aab07dbe,bob404,2017-07-10T15:48:00.000Z,2017-07-10T16:17:00.000Z,96afb1ed-e2c1-4f21-9897-8492283aeb2a
4148d8c3-1bc1-4bf9-b893-1397946fec9b,eve551,2017-11-06T21:03:00.000Z,2017-11-06T21:40:00.000Z,986652cb-a4f7-4a74-90cb-09bf736ac38e
fe1d0053-3ef3-417a-a1f4-033c3a657f5b,alice024,2017-02-23T17:30:00.000Z,2017-02-23T18:07:00.000Z,9885091f-71a2-47fa-b558-efb9ee6f95e7
f4b00a24-b7d9-498a-8ac7-9daf721ce771,eve564,2017-08-12T19:58:00.000Z,2017-08-12T21:20:00.000Z,25b5fb5d-dd05-4147-a671-9c9b7b6adf59
fd2cf58d-23fc-489c-b8ab-5047af27a24e,carol673,2017-06-01T16:20:00.000Z,2017-06-01T16:33:00.000Z,3af498e8-98cb-4383-8b7c-52224b929d15
5bf8e523-b562-4195-9310-53af7c9d3d6a,dave360,2017-05-21T22:59:00.000Z,2017-05-21T23:52:00.000Z,01b70963-782c-45bd-baa9-85bcdfc01c45
9069dcb1-fdbc-4d06-bb99-adc1c5c7bef4,carol549,2017-06-20T11:20:00.000Z,2017-06-20T12:30:00.000Z,0e743ebf-0c5f-4100-9cc2-fbf7d69eab28
34a069ae-e4e3-4d4a-ba99-c25d3881aad2,alice869,2017-03-21T18:17:00.000Z,2017-03-21T18:36:00.000Z,a761b215-6e25-4f7c-b8ce-4e87c104cbad
c987a383-c854-44d3-82ed-437e646c0d65,carol549,2017-04-07T14:36:00.000Z,2017-04-07T15:38:00.000Z,1b0e560f-6797-45a8-acf3-6c628fe0414a
ccb0089a-bb22-431c-8adb-5a252a3a0003,dave360,2017-10-10T10:09:00.000Z,2017-10-10T10:31:00.000Z,a3467c38-ad0f-47e7-9853-ce2700c852bb
6bd31d06-865b-479d-ae01-f57f0bc5f958,eve067,2017-05-05T14:48:00.000Z,2017-05-05T15:47:00.000Z,46d742cc-e975-4b32-abe7-a1978267951f
fe303a22-7f10-4bff-acfb-65147480a433,carol673,2017-03-05T00:45:00.000Z,2017-03-05T01:42:00.000Z,c45e9856-c060-4442-ab91-2640b13946e3
c987a383-c854-44d3-82ed-437e646c0d65,bob948,2017-04-07T14:38:00.000Z,2017-04-07T15:37:00.000Z,a576af79-6da0-4570-88f0-ca58ba062dfd
5023f8d8-c465-438b-82a6-5b13524d1bd6,eve067,2017-08-10T06:49:00.000Z,2017-08-10T07:51:00.000Z,a019f071-1800-41d0-b6ab-4c3aa9bf1ec3
b065932f-ee7a-4001-ae06-7dbcd2d98630,carol549,2017-11-03T12:08:00.000Z,2017-11-03T12:54:00.000Z,9e0b9edb-6808-4848-b082-da3f3f839d9e
fe1d0053-3ef3-417a-a1f4-033c3a657f5b,bob670,2017-02-23T17:26:00.000Z,2017-02-23T18:04:00.000Z,97466962-4d35-40dc-891c-98b7590b895e
4b567674-67c5-4683-bf18-f1c04e2f5789,carol549,2017-06-24T19:32:00.000Z,2017-06-24T20:07:00.000Z,a469a902-8b99-40d5-9f49-b1972543e3ef
68878aeb-141f-46e1-95ae-38065bf12516,eve564,2017-12-13T01:44:00.000Z,2017-12-13T02:12:00.000Z,0578eda8-8195-4818-8038-32a50bdb1eb8
fd2cf58d-23fc-489c-b8ab-5047af27a24e,alice869,2017-06-01T16:20:00.000Z,2017-06-01T16:32:00.000Z,22fe8bc7-2a88-45ab-89a2-558445337e42
5346d0e5-e897-4077-9316-bb40664433dc,alice869,2017-07-05T13:32:00.000Z,2017-07-05T14:29:00.000Z,c8009113-0a05-40b1-84c4-4a6f0169c766
c3a5f5a5-2c7a-4e3d-9711-85ce2fb57614,eve067,2017-02-03T13:22:00.000Z,2017-02-03T14:26:00.000Z,ac638c10-0d3a-4357-a551-45a88fe1bc48
5346d0e5-e897-4077-9316-bb40664433dc,carol238,2017-07-05T13:32:00.000Z,2017-07-05T14:28:00.000Z,15bfe7f9-2769-4201-a58c-a5708833e77f
10252db4-12aa-40e2-b097-08b9408336ac,carol673,2017-07-23T04:24:00.000Z,2017-07-23T05:16:00.000Z,ae09386c-9780-487a-958d-fc0d047c22ea
4b567674-67c5-4683-bf18-f1c04e2f5789,alice024,2017-06-24T19:30:00.000Z,2017-06-24T20:02:00.000Z,70f318f5-8ad0-4c20-b5da-ed7a6942a9d4
c987a383-c854-44d3-82ed-437e646c0d65,carol238,2017-04-07T14:41:00.000Z,2017-04-07T15:37:00.000Z,5a2e4b33-01ab-4c8b-869d-caadc24e9dac
4b567674-67c5-4683-bf18-f1c04e2f5789,eve067,2017-06-24T19:28:00.000Z,2017-06-24T20:06:00.000Z,e8b7a969-b94b-4331-b389-6d0b59ad1ada
bba0e352-e331-4b83-a82f-b3ecc46c56aa,dave360,2017-11-17T00:39:00.000Z,2017-11-17T01:33:00.000Z,75e5fb52-b4b3-4f67-b10f-6939985464a4
8680141a-7121-4c76-aa98-e2cf91d02ed9,dave360,2017-08-28T11:16:00.000Z,2017-08-28T11:54:00.000Z,bd35ce1a-28c9-4aff-b6aa-f58ee4ac38ed
b065932f-ee7a-4001-ae06-7dbcd2d98630,bob670,2017-11-03T12:08:00.000Z,2017-11-03T12:55:00.000Z,11beccc6-9216-4dae-8775-876095833990
9d3e637b-66f6-49ba-ad8b-98bb3c0279c0,eve551,2017-09-18T21:19:00.000Z,2017-09-18T22:00:00.000Z,d67aa346-85ce-482c-b401-4c47834e25bb
d5e5fe74-f36c-40fe-8aa3-1f76989c571c,carol238,2017-08-17T21:33:00.000Z,2017-08-17T22:02:00.000Z,27da548e-ae99-4edd-9775-fcac50513638
da8b2e81-20d3-4cff-b689-2de13f82e7ce,eve067,2017-07-29T01:28:00.000Z,2017-07-29T02:11:00.000Z,f8dc3739-af51-43ac-b74b-012a352053b6
10252db4-12aa-40e2-b097-08b9408336ac,bob670,2017-07-23T04:26:00.000Z,2017-07-23T05:19:00.000Z,c97ff310-bc5e-4ec8-b279-4fe02c2613c4
fe303a22-7f10-4bff-acfb-65147480a433,alice869,2017-03-05T00:43:00.000Z,2017-03-05T01:43:00.000Z,4dd1224d-2f6e-4fdb-8829-dcc1c8d35e26
10252db4-12aa-40e2-b097-08b9408336ac,carol238,2017-07-23T04:26:00.000Z,2017-07-23T05:20:00.000Z,87df8ead-361d-4643-8278-f24b98ae181a
b065932f-ee7a-4001-ae06-7dbcd2d98630,eve551,2017-11-03T12:06:00.000Z,2017-11-03T13:00:00.000Z,e45c68c4-0dd8-423f-aafe-7487c444deb8
d5e5fe74-f36c-40fe-8aa3-1f76989c571c,eve551,2017-08-17T21:35:00.000Z,2017-08-17T22:02:00.000Z,f8f78530-bb5d-4bf1-9bf7-079e979e8dec
9d3e637b-66f6-49ba-ad8b-98bb3c0279c0,bob404,2017-09-18T21:17:00.000Z,2017-09-18T22:01:00.000Z,27e5b258-c46e-47f7-9c50-41660b1c4334
c3a5f5a5-2c7a-4e3d-9711-85ce2fb57614,alice024,2017-02-03T13:21:00.000Z,2017-02-03T14:29:00.000Z,76bcf03c-1fc9-45e5-b649-ff52383c9d6e
f4b00a24-b7d9-498a-8ac7-9daf721ce771,eve551,2017-08-12T20:00:00.000Z,2017-08-12T21:15:00.000Z,5585a054-59a0-4c5b-963b-2a47076d32d0
bb742abc-c9cf-4ba6-b1ff-fddd3ad232b0,bob948,2017-03-21T08:50:00.000Z,2017-03-21T09:47:00.000Z,b02e028d-8066-4986-a4ed-8df78a6f7dfb
bf4a0397-0c6e-4850-be7e-2321b40f7e3a,eve551,2017-10-19T17:21:00.000Z,2017-10-19T17:49:00.000Z,56dee585-d605-4054-9e02-bfae4cffe2a4
6bd31d06-865b-479d-ae01-f57f0bc5f958,bob948,2017-05-05T14:54:00.000Z,2017-05-05T15:48:00.000Z,a31ca447-8e28-4292-b829-b6867c4968b5
c5184108-e473-4ee7-a2a5-c127aab07dbe,dave360,2017-07-10T15:51:00.000Z,2017-07-10T16:20:00.000Z,2051ffd3-3aee-47e5-a12c-541099ce2c64
c3a5f5a5-2c7a-4e3d-9711-85ce2fb57614,eve551,2017-02-03T13:23:00.000Z,2017-02-03T14:28:00.000Z,44c555bb-1566-4fa0-9d85-734cda77cd3a
306e2a2b-888b-46d3-a106-f663eccc6066,eve067,2017-07-21T12:45:00.000Z,2017-07-21T13:48:00.000Z,f5252c7b-ebbc-4bc7-91f6-16b375857eff
bb742abc-c9cf-4ba6-b1ff-fddd3ad232b0,dave360,2017-03-21T08:49:00.000Z,2017-03-21T09:47:00.000Z,fe4b8d18-f37d-4449-aa7b-c8d082467304
25965d94-4770-43a5-a99e-85750b654715,bob404,2017-03-22T18:42:00.000Z,2017-03-22T19:15:00.000Z,a5a5f89d-89b3-4d0d-aa19-219cc6896839
d93dda36-7bf2-4e9f-b310-27b39f3c1b46,alice024,2017-02-28T13:28:00.000Z,2017-02-28T14:20:00.000Z,01f16c13-5ef3-41fb-b78e-f9d8f06a6718
6f55dcc0-7105-4718-8209-81c4c2ec5cac,eve564,2017-05-11T23:32:00.000Z,2017-05-11T23:46:00.000Z,def4a054-0647-4b85-ae21-05b6b8b5474c
841f96b1-67c8-420e-989b-deec0be42392,carol549,2017-02-26T15:44:00.000Z,2017-02-26T16:17:00.000Z,abe41170-7067-45e1-b4fb-cdabb452c1c4
306e2a2b-888b-46d3-a106-f663eccc6066,carol238,2017-07-21T12:45:00.000Z,2017-07-21T13:49:00.000Z,e43c84be-7baf-4004-85b1-2adabb7b1539
306e2a2b-888b-46d3-a106-f663eccc6066,bob404,2017-07-21T12:44:00.000Z,2017-07-21T13:50:00.000Z,3b51f454-fd48-439b-a769-a88d74dd6c78
ccb0089a-bb22-431c-8adb-5a252a3a0003,alice024,2017-10-10T10:07:00.000Z,2017-10-10T10:34:00.000Z,b0901e9b-5bff-4ce9-bba9-18a8a9818194
8680141a-7121-4c76-aa98-e2cf91d02ed9,alice869,2017-08-28T11:19:00.000Z,2017-08-28T11:51:00.000Z,38d0f61b-73fd-47b6-ba3e-fbdb13c05389
d108939e-481d-47d1-9cac-6d88d4623a9f,carol549,2017-02-06T01:19:00.000Z,2017-02-06T02:26:00.000Z,23838951-8b02-49fb-9eae-765e18c74553
8680141a-7121-4c76-aa98-e2cf91d02ed9,eve067,2017-08-28T11:14:00.000Z,2017-08-28T11:52:00.000Z,8789ff78-cea8-4ed2-a97e-201dbd67bb86
6f55dcc0-7105-4718-8209-81c4c2ec5cac,bob948,2017-05-11T23:31:00.000Z,2017-05-11T23:46:00.000Z,bc4a5cd1-cb69-46d5-b9e5-333b34172c66
ccb0089a-bb22-431c-8adb-5a252a3a0003,eve551,2017-10-10T10:05:00.000Z,2017-10-10T10:25:00.000Z,0f3312f9-f1bb-42a3-bf3a-e26164851038
bb742abc-c9cf-4ba6-b1ff-fddd3ad232b0,eve067,2017-03-21T08:50:00.000Z,2017-03-21T09:45:00.000Z,1c3c1852-7330-4c23-827d-2c04f24a87d4
3c4b5dfe-1dea-4aa6-9af9-409d29242796,bob670,2017-03-18T23:52:00.000Z,2017-03-19T00:39:00.000Z,37c11399-4361-455c-a19a-2e3b7e6bd4f9
5b1738d7-7379-4401-979b-fb6b88943c0a,eve564,2017-04-20T18:09:00.000Z,2017-04-20T19:01:00.000Z,6874dda9-a567-4d6f-a997-bc87c5473037
fe303a22-7f10-4bff-acfb-65147480a433,bob948,2017-03-05T00:46:00.000Z,2017-03-05T01:45:00.000Z,be28c69c-a4f3-4444-91ad-00327354bd28
9069dcb1-fdbc-4d06-bb99-adc1c5c7bef4,alice869,2017-06-20T11:25:00.000Z,2017-06-20T12:29:00.000Z,cdae8731-6252-447f-bbc7-0d98fdb50dc0
2ff7f7ef-5b56-4f50-967b-1b80871b16fa,bob404,2017-05-22T06:01:00.000Z,2017-05-22T07:03:00.000Z,b4e9d7e2-0dd6-4cda-a727-e23c306d9ee6
c5184108-e473-4ee7-a2a5-c127aab07dbe,alice024,2017-07-10T15:46:00.000Z,2017-07-10T16:20:00.000Z,09253f1e-4949-4168-9f8f-b3af1e848bba
5f949538-70cf-445a-a1f9-7f89415f95b3,alice024,2017-04-20T16:09:00.000Z,2017-04-20T17:06:00.000Z,ac1b7222-9e76-4a41-af31-05f57f6cdea6
5f949538-70cf-445a-a1f9-7f89415f95b3,alice869,2017-04-20T16:18:00.000Z,2017-04-20T17:03:00.000Z,c3cc72bf-4c7d-455b-b872-f758beae98e3
d108939e-481d-47d1-9cac-6d88d4623a9f,eve564,2017-02-06T01:19:00.000Z,2017-02-06T02:23:00.000Z,a11fd312-a3e1-44a5-8707-55389d8b4a67
2ff7f7ef-5b56-4f50-967b-1b80871b16fa,eve067,2017-05-22T06:05:00.000Z,2017-05-22T07:04:00.000Z,49b85c4c-3bce-4ff8-9a80-0adfc4a90fd0
fcc202aa-9d39-42b0-9ef4-6e7624a02c23,eve564,2017-01-09T03:10:00.000Z,2017-01-09T04:10:00.000Z,b940b3a2-1078-47d8-9a6d-672cebf3efa5
fcc202aa-9d39-42b0-9ef4-6e7624a02c23,bob948,2017-01-09T03:08:00.000Z,2017-01-09T04:08:00.000Z,6ba1f66c-c78f-4ef5-a845-7532f87e739e
d93dda36-7bf2-4e9f-b310-27b39f3c1b46,dave360,2017-02-28T13:28:00.000Z,2017-02-28T14:17:00.000Z,1bbfd47d-0669-4fa2-8d30-f0e947a535b5
d5e5fe74-f36c-40fe-8aa3-1f76989c571c,eve067,2017-08-17T21:34:00.000Z,2017-08-17T22:04:00.000Z,4786fe4a-a912-4079-957f-cbc976c456f0
9d3e637b-66f6-49ba-ad8b-98bb3c0279c0,bob670,2017-09-18T21:18:00.000Z,2017-09-18T21:57:00.000Z,bcbd4e7a-1054-4816-a3ca-0d56a7dc96d7
5023f8d8-c465-438b-82a6-5b13524d1bd6,carol673,2017-08-10T06:51:00.000Z,2017-08-10T07:51:00.000Z,022503d5-230f-45dc-b59d-89f1c709f9f5
f4b00a24-b7d9-498a-8ac7-9daf721ce771,carol238,2017-08-12T19:59:00.000Z,2017-08-12T21:18:00.000Z,9d70f1be-0910-466c-986e-409b0d5fc6c5
d108939e-481d-47d1-9cac-6d88d4623a9f,bob948,2017-02-06T01:17:00.000Z,2017-02-06T02:26:00.000Z,22ff1a51-4a78-457d-8c3d-9bd82e9def8b
4b567674-67c5-4683-bf18-f1c04e2f5789,bob670,2017-06-24T19:25:00.000Z,2017-06-24T20:01:00.000Z,fb634542-91df-48b7-80b8-3201253ec8a5
5b1738d7-7379-4401-979b-fb6b88943c0a,carol238,2017-04-20T18:10:00.000Z,2017-04-20T19:03:00.000Z,87c099e1-ebaf-4957-9083-b799e5de984d
fd2cf58d-23fc-489c-b8ab-5047af27a24e,eve551,2017-06-01T16:23:00.000Z,2017-06-01T16:28:00.000Z,97e149b6-6d4c-4728-8dc9-11ebfba85adb
6d2c58db-59d5-4cbb-9a23-e38f06b70166,dave360,2017-02-05T00:32:00.000Z,2017-02-05T01:10:00.000Z,178b2442-efba-49d7-8386-99ebb29a9c4b
8680141a-7121-4c76-aa98-e2cf91d02ed9,carol673,2017-08-28T11:15:00.000Z,2017-08-28T11:54:00.000Z,5f93a304-4368-4469-a9bf-d0d7c3dcff71
a6f3e2f4-d66e-42c0-b2a2-dc881a4ac164,bob670,2017-01-19T18:05:00.000Z,2017-01-19T19:08:00.000Z,d9432bbd-da90-4796-bf7a-e670148f5027
6d2c58db-59d5-4cbb-9a23-e38f06b70166,eve564,2017-02-05T00:38:00.000Z,2017-02-05T01:05:00.000Z,f003ded2-db3f-4610-8810-2cc7b2afd08f
b065932f-ee7a-4001-ae06-7dbcd2d98630,bob948,2017-11-03T12:07:00.000Z,2017-11-03T12:59:00.000Z,9458eac2-48dd-49d4-9fef-e6cf66d9328b
9a390dfe-6597-405c-a7b3-7be1bfed98b5,eve551,2017-04-05T12:13:00.000Z,2017-04-05T13:10:00.000Z,0b0640ae-d1a8-4a6b-a346-6fbee1d76746
841f96b1-67c8-420e-989b-deec0be42392,eve067,2017-02-26T15:46:00.000Z,2017-02-26T16:18:00.000Z,6a3cafa0-7022-4849-8f41-4f464f4111f3
5bf8e523-b562-4195-9310-53af7c9d3d6a,bob948,2017-05-21T23:04:00.000Z,2017-05-21T23:52:00.000Z,e7d32848-f8e2-421c-aa74-604f139d63a3
67e5c381-bd54-4e31-a089-760e71e345f9,carol549,2017-08-18T15:20:00.000Z,2017-08-18T15:46:00.000Z,afa66880-b179-42e1-8459-39f2ffcb69e2
fe1d0053-3ef3-417a-a1f4-033c3a657f5b,alice869,2017-02-23T17:27:00.000Z,2017-02-23T18:07:00.000Z,d5cfd622-762f-44f2-abaf-57533547e7b4
fe303a22-7f10-4bff-acfb-65147480a433,carol238,2017-03-05T00:46:00.000Z,2017-03-05T01:45:00.000Z,472e5325-b463-4158-ba78-240a90e9213c
8680141a-7121-4c76-aa98-e2cf91d02ed9,bob404,2017-08-28T11:17:00.000Z,2017-08-28T11:54:00.000Z,88a040d3-a0a8-44df-8359-7a2ad7b6529e
bb742abc-c9cf-4ba6-b1ff-fddd3ad232b0,alice869,2017-03-21T08:49:00.000Z,2017-03-21T09:47:00.000Z,8f822061-d7d3-493d-8890-e4deadc6988a
bb742abc-c9cf-4ba6-b1ff-fddd3ad232b0,bob404,2017-03-21T08:52:00.000Z,2017-03-21T09:46:00.000Z,aa9e3081-634c-4401-aa42-bccf6f904233
fe303a22-7f10-4bff-acfb-65147480a433,eve551,2017-03-05T00:42:00.000Z,2017-03-05T01:39:00.000Z,eadc786a-1292-47e7-840e-ef51f0cd8403
fcc202aa-9d39-42b0-9ef4-6e7624a02c23,alice024,2017-01-09T03:11:00.000Z,2017-01-09T04:09:00.000Z,f5d5f572-d7a6-45e8-bcaa-e46a9de4ea13
fe1d0053-3ef3-417a-a1f4-033c3a657f5b,carol673,2017-02-23T17:32:00.000Z,2017-02-23T18:04:00.000Z,114db3fc-dabb-4810-ab7a-058584978524
c3a5f5a5-2c7a-4e3d-9711-85ce2fb57614,bob670,2017-02-03T13:25:00.000Z,2017-02-03T14:26:00.000Z,aab94c24-df89-437f-95df-079ccd83f22f
b065932f-ee7a-4001-ae06-7dbcd2d98630,dave360,2017-11-03T12:06:00.000Z,2017-11-03T12:56:00.000Z,afa9f381-2bdb-4954-837e-ddbdb2f3daa0
4b567674-67c5-4683-bf18-f1c04e2f5789,alice869,2017-06-24T19:28:00.000Z,2017-06-24T20:06:00.000Z,a038fb95-d5a4-46f6-8cbf-ecbf3d9fbb9f
d108939e-481d-47d1-9cac-6d88d4623a9f,alice869,2017-02-06T01:20:00.000Z,2017-02-06T02:28:00.000Z,7c8bc7e3-4e59-4ea1-a496-dcf57a9b4fdb
b654b870-fb1e-48d2-9342-e4ac0b50a472,eve067,2017-05-06T17:13:00.000Z,2017-05-06T18:05:00.000Z,6f407df7-d633-423f-9d1d-d2c9350fef2f
4148d8c3-1bc1-4bf9-b893-1397946fec9b,eve067,2017-11-06T21:03:00.000Z,2017-11-06T21:37:00.000Z,84cf1d37-305c-4240-9cb0-889dcb680c13
4148d8c3-1bc1-4bf9-b893-1397946fec9b,dave360,2017-11-06T21:05:00.000Z,2017-11-06T21:38:00.000Z,5e8a60d9-6552-4d58-8609-153257a68391
f505e6dc-4f61-47ce-8dc6-333bfeb82a1f,carol549,2017-11-09T06:56:00.000Z,2017-11-09T07:11:00.000Z,5ea895cc-58c2-4327-a0c9-e8c3676978c1
9a390dfe-6597-405c-a7b3-7be1bfed98b5,alice024,2017-04-05T12:17:00.000Z,2017-04-05T13:06:00.000Z,bc551301-1ac1-44ae-bc73-344c4d7b1746
d108939e-481d-47d1-9cac-6d88d4623a9f,bob404,2017-02-06T01:17:00.000Z,2017-02-06T02:25:00.000Z,8e9af774-0995-4f39-a7ae-a71eab9d10f4
ccb0089a-bb22-431c-8adb-5a252a3a0003,carol673,2017-10-10T10:08:00.000Z,2017-10-10T10:31:00.000Z,86593cd2-25d6-4fc9-9e23-5238ceccc178
5023f8d8-c465-438b-82a6-5b13524d1bd6,bob404,2017-08-10T06:45:00.000Z,2017-08-10T07:51:00.000Z,26b8eaad-babe-4cea-9db0-35141ad7a239
c5184108-e473-4ee7-a2a5-c127aab07dbe,carol549,2017-07-10T15:53:00.000Z,2017-07-10T16:19:00.000Z,25c668e8-a80f-4551-917b-cda683c6c947
25965d94-4770-43a5-a99e-85750b654715,bob670,2017-03-22T18:49:00.000Z,2017-03-22T19:23:00.000Z,5133dfe7-fab4-4422-9e4a-e8dd617b599a
25965d94-4770-43a5-a99e-85750b654715,carol673,2017-03-22T18:44:00.000Z,2017-03-22T19:21:00.000Z,f41901d7-aa09-40be-a17d-2c657cb4ae93
bf4a0397-0c6e-4850-be7e-2321b40f7e3a,bob670,2017-10-19T17:19:00.000Z,2017-10-19T17:52:00.000Z,07572cbf-7c49-4fec-b5b4-8cf5760afcf3
34a069ae-e4e3-4d4a-ba99-c25d3881aad2,bob404,2017-03-21T18:18:00.000Z,2017-03-21T18:35:00.000Z,0833ff88-2981-4b29-88a8-c9764700f583
2d7b2ec5-4c48-49c5-bee0-b23810bfe88c,eve551,2017-09-19T13:45:00.000Z,2017-09-19T14:16:00.000Z,225f5364-d6a4-463c-8e78-5932ad276895
fe303a22-7f10-4bff-acfb-65147480a433,carol549,2017-03-05T00:44:00.000Z,2017-03-05T01:46:00.000Z,e6c35b65-9cbd-4078-a9bb-aee866ddf5e8
b8c114ab-0368-4fa4-bca6-5d363d34e10d,alice869,2017-11-24T05:55:00.000Z,2017-11-24T07:02:00.000Z,70bbc64f-2513-4a6a-8935-180ebd90b623
3c4b5dfe-1dea-4aa6-9af9-409d29242796,dave360,2017-03-18T23:53:00.000Z,2017-03-19T00:38:00.000Z,123102ac-1272-48e6-b8bf-ed0019572e62
2d7b2ec5-4c48-49c5-bee0-b23810bfe88c,bob948,2017-09-19T13:46:00.000Z,2017-09-19T14:15:00.000Z,a0d5ad8a-fd61-4089-b815-6c2890c0f7f1
fe303a22-7f10-4bff-acfb-65147480a433,eve067,2017-03-05T00:46:00.000Z,2017-03-05T01:40:00.000Z,04358f98-d198-42a2-8b48-2c8c07e3e9ef
b654b870-fb1e-48d2-9342-e4ac0b50a472,bob670,2017-05-06T17:13:00.000Z,2017-05-06T18:03:00.000Z,d5603b71-54a7-4682-b368-c64dc37eaf13
d108939e-481d-47d1-9cac-6d88d4623a9f,dave360,2017-02-06T01:15:00.000Z,2017-02-06T02:26:00.000Z,dd47ec26-dc47-447b-8d84-79056ae82b58
fae88a39-11f7-4357-9a12-875371d3f2c5,alice024,2017-07-25T17:18:00.000Z,2017-07-25T18:35:00.000Z,39acc4eb-a906-4943-9f90-ee8c042dd744
fe1d0053-3ef3-417a-a1f4-033c3a657f5b,eve551,2017-02-23T17:25:00.000Z,2017-02-23T18:07:00.000Z,166c9d05-1d43-4278-a5ff-a89abc62f892
2d7b2ec5-4c48-49c5-bee0-b23810bfe88c,eve067,2017-09-19T13:47:00.000Z,2017-09-19T14:14:00.000Z,b1cc5f79-ed56-43e2-9c23-d56d20520fbe
a6f3e2f4-d66e-42c0-b2a2-dc881a4ac164,eve551,2017-01-19T17:59:00.000Z,2017-01-19T19:08:00.000Z,c303a63e-bc20-4229-9fed-895cfdbecea5
68878aeb-141f-46e1-95ae-38065bf12516,alice024,2017-12-13T01:40:00.000Z,2017-12-13T02:14:00.000Z,fdae903a-c4ce-4ad2-b818-42b9d560bde2
2d7b2ec5-4c48-49c5-bee0-b23810bfe88c,alice869,2017-09-19T13:44:00.000Z,2017-09-19T14:16:00.000Z,c5b79060-d98c-4064-9787-5aa05abbbb6f
4148d8c3-1bc1-4bf9-b893-1397946fec9b,carol549,2017-11-06T21:04:00.000Z,2017-11-06T21:35:00.000Z,ca3878b9-be9e-4b00-8675-0e11be285e1e
6bd31d06-865b-479d-ae01-f57f0bc5f958,bob670,2017-05-05T14:50:00.000Z,2017-05-05T15:50:00.000Z,5c967a2d-5160-4975-9428-f5a118c47ec6
6f55dcc0-7105-4718-8209-81c4c2ec5cac,carol673,2017-05-11T23:31:00.000Z,2017-05-11T23:49:00.000Z,fe707d0e-a2e4-46fa-8ca7-6496673f01e7
306e2a2b-888b-46d3-a106-f663eccc6066,bob948,2017-07-21T12:42:00.000Z,2017-07-21T13:52:00.000Z,7977e61e-589f-4c58-9df6-1990b63bc4c4
b8c114ab-0368-4fa4-bca6-5d363d34e10d,bob948,2017-11-24T05:54:00.000Z,2017-11-24T06:59:00.000Z,f872b29e-00ed-4332-af11-5a69b0788166
c3a5f5a5-2c7a-4e3d-9711-85ce2fb57614,bob404,2017-02-03T13:22:00.000Z,2017-02-03T14:25:00.000Z,c59562cf-e493-44ae-9f98-27cadc3a0dd1
6f55dcc0-7105-4718-8209-81c4c2ec5cac,alice024,2017-05-11T23:30:00.000Z,2017-05-11T23:48:00.000Z,63477712-985a-4132-9734-1f4661660c8c
b654b870-fb1e-48d2-9342-e4ac0b50a472,carol673,2017-05-06T17:14:00.000Z,2017-05-06T18:05:00.000Z,049d7888-4ba1-48d1-8dcc-54050ee14a5d
a867d31f-e397-485e-9e31-77fc52ba0484,alice024,2017-05-01T15:10:00.000Z,2017-05-01T15:51:00.000Z,0e725242-5de4-4f54-a1b4-52e3d7d4d8a6
68878aeb-141f-46e1-95ae-38065bf12516,bob404,2017-12-13T01:40:00.000Z,2017-12-13T02:15:00.000Z,ea0e4cc7-8238-4001-aaa8-9ce9b42cae39
9a390dfe-6597-405c-a7b3-7be1bfed98b5,bob948,2017-04-05T12:13:00.000Z,2017-04-05T13:10:00.000Z,173fe34a-1c2e-4980-a28f-29ff285f0b8e
6f55dcc0-7105-4718-8209-81c4c2ec5cac,eve067,2017-05-11T23:30:00.000Z,2017-05-11T23:47:00.000Z,8b0c34fc-8bd6-4dcd-998a-efffb3b267ce
94988f1c-0839-4781-ad91-a3db0d735853,bob670,2017-04-04T09:20:00.000Z,2017-04-04T10:24:00.000Z,e172174c-ed4a-4730-be72-6ee879673867
9a390dfe-6597-405c-a7b3-7be1bfed98b5,bob670,2017-04-05T12:16:00.000Z,2017-04-05T13:09:00.000Z,55785820-8bad-4870-9ce3-7a729393ea5e
fd2cf58d-23fc-489c-b8ab-5047af27a24e,eve067,2017-06-01T16:24:00.000Z,2017-06-01T16:34:00.000Z,62983676-08dd-4d00-a8b5-dff5226b5a0c
b8c114ab-0368-4fa4-bca6-5d363d34e10d,eve564,2017-11-24T05:53:00.000Z,2017-11-24T07:00:00.000Z,90809f18-03b7-4697-9a03-f4b8b9463e26
c46a8e13-f9eb-4cf3-ba6c-22febc8c3978,carol238,2017-08-04T12:19:00.000Z,2017-08-04T13:27:00.000Z,f51b6db3-ccab-4b91-9ada-82bfdd636d30
5f949538-70cf-445a-a1f9-7f89415f95b3,eve551,2017-04-20T16:12:00.000Z,2017-04-20T17:08:00.000Z,4870c1d9-056f-422a-8b9a-78e1329e0047
94988f1c-0839-4781-ad91-a3db0d735853,eve564,2017-04-04T09:20:00.000Z,2017-04-04T10:24:00.000Z,eacbdc9e-af87-4197-b87e-3f2223a660ea
bf4a0397-0c6e-4850-be7e-2321b40f7e3a,dave360,2017-10-19T17:20:00.000Z,2017-10-19T17:53:00.000Z,72c4111c-f141-4edd-bb74-ca74e324fd0f
25965d94-4770-43a5-a99e-85750b654715,eve551,2017-03-22T18:45:00.000Z,2017-03-22T19:17:00.000Z,eb2ef87a-cf87-499c-8945-2e820df5d519
c46a8e13-f9eb-4cf3-ba6c-22febc8c3978,dave360,2017-08-04T12:20:00.000Z,2017-08-04T13:23:00.000Z,e4c58204-dc9f-4137-abf7-c31f6100a534
b065932f-ee7a-4001-ae06-7dbcd2d98630,bob404,2017-11-03T12:06:00.000Z,2017-11-03T12:58:00.000Z,c51038ea-c8e1-4b0c-9231-084e05aa55f2
fd2cf58d-23fc-489c-b8ab-5047af27a24e,bob404,2017-06-01T16:18:00.000Z,2017-06-01T16:33:00.000Z,a6e37bfe-5cfc-47a4-994f-fe5a66014981
c5184108-e473-4ee7-a2a5-c127aab07dbe,eve551,2017-07-10T15:47:00.000Z,2017-07-10T16:22:00.000Z,f5b8fad6-8611-43a3-ac1a-9bfe1449580f
5023f8d8-c465-438b-82a6-5b13524d1bd6,alice869,2017-08-10T06:49:00.000Z,2017-08-10T07:51:00.000Z,34779917-776a-4d1c-8709-05e1f88fc4f7
da8b2e81-20d3-4cff-b689-2de13f82e7ce,alice869,2017-07-29T01:30:00.000Z,2017-07-29T02:10:00.000Z,40673fe3-a0a6-4b1a-b057-4c8c6b2a9f89
bb742abc-c9cf-4ba6-b1ff-fddd3ad232b0,carol549,2017-03-21T08:48:00.000Z,2017-03-21T09:49:00.000Z,db7201a2-4254-4e87-b594-410464e6658b
fe1d0053-3ef3-417a-a1f4-033c3a657f5b,bob948,2017-02-23T17:27:00.000Z,2017-02-23T18:01:00.000Z,eb36812f-6d4b-4936-9943-5ee271126a02
34a069ae-e4e3-4d4a-ba99-c25d3881aad2,alice024,2017-03-21T18:20:00.000Z,2017-03-21T18:37:00.000Z,81de4b84-f0a6-47c7-a136-676b6c585788
4b567674-67c5-4683-bf18-f1c04e2f5789,carol238,2017-06-24T19:32:00.000Z,2017-06-24T20:01:00.000Z,f864a6c7-c324-43cf-ba5b-ebfe62346d48
d5e5fe74-f36c-40fe-8aa3-1f76989c571c,dave360,2017-08-17T21:34:00.000Z,2017-08-17T22:04:00.000Z,2430e3c8-c932-418f-9523-d7aa8f6636a3
5b1738d7-7379-4401-979b-fb6b88943c0a,alice869,2017-04-20T18:11:00.000Z,2017-04-20T19:02:00.000Z,7061daa1-d33b-47cf-aa1d-b9a63e94f294
6bd31d06-865b-479d-ae01-f57f0bc5f958,eve551,2017-05-05T14:50:00.000Z,2017-05-05T15:49:00.000Z,c5bc52b8-025f-4205-b409-e8cf97c846aa
8680141a-7121-4c76-aa98-e2cf91d02ed9,bob948,2017-08-28T11:13:00.000Z,2017-08-28T11:54:00.000Z,a2791c31-f514-484a-8b81-76f4f703ad51
5023f8d8-c465-438b-82a6-5b13524d1bd6,carol549,2017-08-10T06:50:00.000Z,2017-08-10T07:52:00.000Z,280ba231-ab52-40b4-bba7-0bf771c614ec
d93dda36-7bf2-4e9f-b310-27b39f3c1b46,bob670,2017-02-28T13:29:00.000Z,2017-02-28T14:20:00.000Z,ae0cc742-4f50-44ee-895e-4833bc95d57f
67e5c381-bd54-4e31-a089-760e71e345f9,eve067,2017-08-18T15:17:00.000Z,2017-08-18T15:42:00.000Z,e194dee9-aafa-412d-b4e1-fc615b367898
b065932f-ee7a-4001-ae06-7dbcd2d98630,eve564,2017-11-03T12:03:00.000Z,2017-11-03T12:55:00.000Z,41bbcaf8-6686-474c-a1a5-ade04348ee05
4b567674-67c5-4683-bf18-f1c04e2f5789,bob948,2017-06-24T19:27:00.000Z,2017-06-24T20:03:00.000Z,3380afda-04ea-4f8b-be25-8afcbf58274f
b8c114ab-0368-4fa4-bca6-5d363d34e10d,carol238,2017-11-24T05:56:00.000Z,2017-11-24T06:58:00.000Z,11f3553c-2886-44e6-bce2-ab0b58d6969f
